<Chromatogram xmlns:xsi="http://www.w3.org/2001/XMLSchema-instance" FormatVersion="8" UNICORNVersion="7.1.0.378"><ChromatogramName>Chrom.1</ChromatogramName><IsReadonly>false</IsReadonly><ChromatogramLayoutXml></ChromatogramLayoutXml><TimeUnit>min</TimeUnit><VolumeUnit>ml</VolumeUnit><Created>2025-10-10T10:10:03.825</Created><CreatedUtcOffsetMinutes>-240</CreatedUtcOffsetMinutes><VisualAppearance>&lt;?xml version="1.0" encoding="utf-16"?&gt;&lt;VisualAppearanceSettings FormatVersion="0.1"&gt;&lt;MirroredCurves /&gt;&lt;CurvesWithOffset /&gt;&lt;/VisualAppearanceSettings&gt;</VisualAppearance><ChromatogramID>2121</ChromatogramID><Curves><Curve CurveDataType="Conduction"><Name>Cond</Name><IsoChroneType>Time</IsoChroneType><InjectionEventCurve><CurveNumber>12</CurveNumber></InjectionEventCurve><IsExternal>false</IsExternal><ScanInterval>0</ScanInterval><DistanceBetweenPoints>0.003333333</DistanceBetweenPoints><DistanceToStartPoint>0.001666667</DistanceToStartPoint><TimeUnit>min</TimeUnit><MethodStartTime>2025-10-10T10:10:04.352</MethodStartTime><MethodStartTimeUtcOffsetMinutes>-240</MethodStartTimeUtcOffsetMinutes><ChromatogramStartTime>2025-10-10T10:10:04.352</ChromatogramStartTime><ChromatogramStartTimeUtcOffsetMinutes>-240</ChromatogramStartTimeUtcOffsetMinutes><VolumeUnit>ml</VolumeUnit><AmplitudePrecision>2</AmplitudePrecision><AmplitudeUnit>mS/cm</AmplitudeUnit><IsOriginalData>true</IsOriginalData><IsReadOnly>false</IsReadOnly><CompressionDesc></CompressionDesc><CurveNumber>4</CurveNumber><ColumnVolume>23.562</ColumnVolume><ColumnVolumeUnitName>ml</ColumnVolumeUnitName><CurvePoints><CurvePoint><IsFullResolution>true</IsFullResolution><BinaryCurvePointsFileName>Chrom.1_4_True</BinaryCurvePointsFileName></CurvePoint></CurvePoints><GuidePoints /></Curve><Curve CurveDataType="Conduction"><Name>% Cond</Name><IsoChroneType>Time</IsoChroneType><InjectionEventCurve><CurveNumber>12</CurveNumber></InjectionEventCurve><IsExternal>false</IsExternal><ScanInterval>0</ScanInterval><DistanceBetweenPoints>0.01666667</DistanceBetweenPoints><DistanceToStartPoint>0.01</DistanceToStartPoint><TimeUnit>min</TimeUnit><MethodStartTime>2025-10-10T10:10:04.352</MethodStartTime><MethodStartTimeUtcOffsetMinutes>-240</MethodStartTimeUtcOffsetMinutes><ChromatogramStartTime>2025-10-10T10:10:04.352</ChromatogramStartTime><ChromatogramStartTimeUtcOffsetMinutes>-240</ChromatogramStartTimeUtcOffsetMinutes><VolumeUnit>ml</VolumeUnit><AmplitudePrecision>1</AmplitudePrecision><AmplitudeUnit>%</AmplitudeUnit><IsOriginalData>true</IsOriginalData><IsReadOnly>false</IsReadOnly><CompressionDesc></CompressionDesc><CurveNumber>5</CurveNumber><ColumnVolume>23.562</ColumnVolume><ColumnVolumeUnitName>ml</ColumnVolumeUnitName><CurvePoints><CurvePoint><IsFullResolution>true</IsFullResolution><BinaryCurvePointsFileName>Chrom.1_5_True</BinaryCurvePointsFileName></CurvePoint></CurvePoints><GuidePoints /></Curve><Curve CurveDataType="Other"><Name>Conc B</Name><IsoChroneType>Time</IsoChroneType><InjectionEventCurve><CurveNumber>12</CurveNumber></InjectionEventCurve><IsExternal>false</IsExternal><ScanInterval>0</ScanInterval><DistanceBetweenPoints>0.01666667</DistanceBetweenPoints><DistanceToStartPoint>0.01</DistanceToStartPoint><TimeUnit>min</TimeUnit><MethodStartTime>2025-10-10T10:10:04.352</MethodStartTime><MethodStartTimeUtcOffsetMinutes>-240</MethodStartTimeUtcOffsetMinutes><ChromatogramStartTime>2025-10-10T10:10:04.352</ChromatogramStartTime><ChromatogramStartTimeUtcOffsetMinutes>-240</ChromatogramStartTimeUtcOffsetMinutes><VolumeUnit>ml</VolumeUnit><AmplitudePrecision>1</AmplitudePrecision><AmplitudeUnit>%</AmplitudeUnit><IsOriginalData>true</IsOriginalData><IsReadOnly>false</IsReadOnly><CompressionDesc></CompressionDesc><CurveNumber>6</CurveNumber><ColumnVolume>23.562</ColumnVolume><ColumnVolumeUnitName>ml</ColumnVolumeUnitName><CurvePoints><CurvePoint><IsFullResolution>true</IsFullResolution><BinaryCurvePointsFileName>Chrom.1_6_True</BinaryCurvePointsFileName></CurvePoint></CurvePoints><GuidePoints /></Curve><Curve CurveDataType="Other"><Name>System flow</Name><IsoChroneType>Time</IsoChroneType><InjectionEventCurve><CurveNumber>12</CurveNumber></InjectionEventCurve><IsExternal>false</IsExternal><ScanInterval>0</ScanInterval><DistanceBetweenPoints>0.01666667</DistanceBetweenPoints><DistanceToStartPoint>0.01</DistanceToStartPoint><TimeUnit>min</TimeUnit><MethodStartTime>2025-10-10T10:10:04.352</MethodStartTime><MethodStartTimeUtcOffsetMinutes>-240</MethodStartTimeUtcOffsetMinutes><ChromatogramStartTime>2025-10-10T10:10:04.352</ChromatogramStartTime><ChromatogramStartTimeUtcOffsetMinutes>-240</ChromatogramStartTimeUtcOffsetMinutes><VolumeUnit>ml</VolumeUnit><AmplitudePrecision>2</AmplitudePrecision><AmplitudeUnit>ml/min</AmplitudeUnit><IsOriginalData>true</IsOriginalData><IsReadOnly>false</IsReadOnly><CompressionDesc></CompressionDesc><CurveNumber>7</CurveNumber><ColumnVolume>23.562</ColumnVolume><ColumnVolumeUnitName>ml</ColumnVolumeUnitName><CurvePoints><CurvePoint><IsFullResolution>true</IsFullResolution><BinaryCurvePointsFileName>Chrom.1_7_True</BinaryCurvePointsFileName></CurvePoint></CurvePoints><GuidePoints /></Curve><Curve CurveDataType="Other"><Name>System linear flow</Name><IsoChroneType>Time</IsoChroneType><InjectionEventCurve><CurveNumber>12</CurveNumber></InjectionEventCurve><IsExternal>false</IsExternal><ScanInterval>0</ScanInterval><DistanceBetweenPoints>0.01666667</DistanceBetweenPoints><DistanceToStartPoint>0.01166667</DistanceToStartPoint><TimeUnit>min</TimeUnit><MethodStartTime>2025-10-10T10:10:04.352</MethodStartTime><MethodStartTimeUtcOffsetMinutes>-240</MethodStartTimeUtcOffsetMinutes><ChromatogramStartTime>2025-10-10T10:10:04.352</ChromatogramStartTime><ChromatogramStartTimeUtcOffsetMinutes>-240</ChromatogramStartTimeUtcOffsetMinutes><VolumeUnit>ml</VolumeUnit><AmplitudePrecision>1</AmplitudePrecision><AmplitudeUnit>cm/h</AmplitudeUnit><IsOriginalData>true</IsOriginalData><IsReadOnly>false</IsReadOnly><CompressionDesc></CompressionDesc><CurveNumber>8</CurveNumber><ColumnVolume>23.562</ColumnVolume><ColumnVolumeUnitName>ml</ColumnVolumeUnitName><CurvePoints><CurvePoint><IsFullResolution>true</IsFullResolution><BinaryCurvePointsFileName>Chrom.1_8_True</BinaryCurvePointsFileName></CurvePoint></CurvePoints><GuidePoints /></Curve><Curve CurveDataType="Pressure"><Name>PreC pressure</Name><IsoChroneType>Time</IsoChroneType><InjectionEventCurve><CurveNumber>12</CurveNumber></InjectionEventCurve><IsExternal>false</IsExternal><ScanInterval>0</ScanInterval><DistanceBetweenPoints>0.01666667</DistanceBetweenPoints><DistanceToStartPoint>0.008333334</DistanceToStartPoint><TimeUnit>min</TimeUnit><MethodStartTime>2025-10-10T10:10:04.352</MethodStartTime><MethodStartTimeUtcOffsetMinutes>-240</MethodStartTimeUtcOffsetMinutes><ChromatogramStartTime>2025-10-10T10:10:04.352</ChromatogramStartTime><ChromatogramStartTimeUtcOffsetMinutes>-240</ChromatogramStartTimeUtcOffsetMinutes><VolumeUnit>ml</VolumeUnit><AmplitudePrecision>3</AmplitudePrecision><AmplitudeUnit>MPa</AmplitudeUnit><IsOriginalData>true</IsOriginalData><IsReadOnly>false</IsReadOnly><CompressionDesc></CompressionDesc><CurveNumber>9</CurveNumber><ColumnVolume>23.562</ColumnVolume><ColumnVolumeUnitName>ml</ColumnVolumeUnitName><CurvePoints><CurvePoint><IsFullResolution>true</IsFullResolution><BinaryCurvePointsFileName>Chrom.1_9_True</BinaryCurvePointsFileName></CurvePoint></CurvePoints><GuidePoints /></Curve><Curve CurveDataType="Pressure"><Name>DeltaC pressure</Name><IsoChroneType>Time</IsoChroneType><InjectionEventCurve><CurveNumber>12</CurveNumber></InjectionEventCurve><IsExternal>false</IsExternal><ScanInterval>0</ScanInterval><DistanceBetweenPoints>0.01666667</DistanceBetweenPoints><DistanceToStartPoint>0.006666667</DistanceToStartPoint><TimeUnit>min</TimeUnit><MethodStartTime>2025-10-10T10:10:04.352</MethodStartTime><MethodStartTimeUtcOffsetMinutes>-240</MethodStartTimeUtcOffsetMinutes><ChromatogramStartTime>2025-10-10T10:10:04.352</ChromatogramStartTime><ChromatogramStartTimeUtcOffsetMinutes>-240</ChromatogramStartTimeUtcOffsetMinutes><VolumeUnit>ml</VolumeUnit><AmplitudePrecision>3</AmplitudePrecision><AmplitudeUnit>MPa</AmplitudeUnit><IsOriginalData>true</IsOriginalData><IsReadOnly>false</IsReadOnly><CompressionDesc></CompressionDesc><CurveNumber>10</CurveNumber><ColumnVolume>23.562</ColumnVolume><ColumnVolumeUnitName>ml</ColumnVolumeUnitName><CurvePoints><CurvePoint><IsFullResolution>true</IsFullResolution><BinaryCurvePointsFileName>Chrom.1_10_True</BinaryCurvePointsFileName></CurvePoint></CurvePoints><GuidePoints /></Curve><Curve CurveDataType="Other"><Name>Sample flow</Name><IsoChroneType>Time</IsoChroneType><InjectionEventCurve><CurveNumber>12</CurveNumber></InjectionEventCurve><IsExternal>false</IsExternal><ScanInterval>0</ScanInterval><DistanceBetweenPoints>0.01666667</DistanceBetweenPoints><DistanceToStartPoint>0.01166667</DistanceToStartPoint><TimeUnit>min</TimeUnit><MethodStartTime>2025-10-10T10:10:04.352</MethodStartTime><MethodStartTimeUtcOffsetMinutes>-240</MethodStartTimeUtcOffsetMinutes><ChromatogramStartTime>2025-10-10T10:10:04.352</ChromatogramStartTime><ChromatogramStartTimeUtcOffsetMinutes>-240</ChromatogramStartTimeUtcOffsetMinutes><VolumeUnit>ml</VolumeUnit><AmplitudePrecision>2</AmplitudePrecision><AmplitudeUnit>ml/min</AmplitudeUnit><IsOriginalData>true</IsOriginalData><IsReadOnly>false</IsReadOnly><CompressionDesc></CompressionDesc><CurveNumber>13</CurveNumber><ColumnVolume>23.562</ColumnVolume><ColumnVolumeUnitName>ml</ColumnVolumeUnitName><CurvePoints><CurvePoint><IsFullResolution>true</IsFullResolution><BinaryCurvePointsFileName>Chrom.1_13_True</BinaryCurvePointsFileName></CurvePoint></CurvePoints><GuidePoints /></Curve><Curve CurveDataType="Other"><Name>Sample linear flow</Name><IsoChroneType>Time</IsoChroneType><InjectionEventCurve><CurveNumber>12</CurveNumber></InjectionEventCurve><IsExternal>false</IsExternal><ScanInterval>0</ScanInterval><DistanceBetweenPoints>0.01666667</DistanceBetweenPoints><DistanceToStartPoint>0.01166667</DistanceToStartPoint><TimeUnit>min</TimeUnit><MethodStartTime>2025-10-10T10:10:04.352</MethodStartTime><MethodStartTimeUtcOffsetMinutes>-240</MethodStartTimeUtcOffsetMinutes><ChromatogramStartTime>2025-10-10T10:10:04.352</ChromatogramStartTime><ChromatogramStartTimeUtcOffsetMinutes>-240</ChromatogramStartTimeUtcOffsetMinutes><VolumeUnit>ml</VolumeUnit><AmplitudePrecision>1</AmplitudePrecision><AmplitudeUnit>cm/h</AmplitudeUnit><IsOriginalData>true</IsOriginalData><IsReadOnly>false</IsReadOnly><CompressionDesc></CompressionDesc><CurveNumber>14</CurveNumber><ColumnVolume>23.562</ColumnVolume><ColumnVolumeUnitName>ml</ColumnVolumeUnitName><CurvePoints><CurvePoint><IsFullResolution>true</IsFullResolution><BinaryCurvePointsFileName>Chrom.1_14_True</BinaryCurvePointsFileName></CurvePoint></CurvePoints><GuidePoints /></Curve><Curve CurveDataType="Pressure"><Name>Sample pressure</Name><IsoChroneType>Time</IsoChroneType><InjectionEventCurve><CurveNumber>12</CurveNumber></InjectionEventCurve><IsExternal>false</IsExternal><ScanInterval>0</ScanInterval><DistanceBetweenPoints>0.01666667</DistanceBetweenPoints><DistanceToStartPoint>0.005</DistanceToStartPoint><TimeUnit>min</TimeUnit><MethodStartTime>2025-10-10T10:10:04.352</MethodStartTime><MethodStartTimeUtcOffsetMinutes>-240</MethodStartTimeUtcOffsetMinutes><ChromatogramStartTime>2025-10-10T10:10:04.352</ChromatogramStartTime><ChromatogramStartTimeUtcOffsetMinutes>-240</ChromatogramStartTimeUtcOffsetMinutes><VolumeUnit>ml</VolumeUnit><AmplitudePrecision>3</AmplitudePrecision><AmplitudeUnit>MPa</AmplitudeUnit><IsOriginalData>true</IsOriginalData><IsReadOnly>false</IsReadOnly><CompressionDesc></CompressionDesc><CurveNumber>15</CurveNumber><ColumnVolume>23.562</ColumnVolume><ColumnVolumeUnitName>ml</ColumnVolumeUnitName><CurvePoints><CurvePoint><IsFullResolution>true</IsFullResolution><BinaryCurvePointsFileName>Chrom.1_15_True</BinaryCurvePointsFileName></CurvePoint></CurvePoints><GuidePoints /></Curve><Curve CurveDataType="pH"><Name>pH</Name><IsoChroneType>Time</IsoChroneType><InjectionEventCurve><CurveNumber>12</CurveNumber></InjectionEventCurve><IsExternal>false</IsExternal><ScanInterval>0</ScanInterval><DistanceBetweenPoints>0.01666667</DistanceBetweenPoints><DistanceToStartPoint>0.01666667</DistanceToStartPoint><TimeUnit>min</TimeUnit><MethodStartTime>2025-10-10T10:10:04.352</MethodStartTime><MethodStartTimeUtcOffsetMinutes>-240</MethodStartTimeUtcOffsetMinutes><ChromatogramStartTime>2025-10-10T10:10:04.352</ChromatogramStartTime><ChromatogramStartTimeUtcOffsetMinutes>-240</ChromatogramStartTimeUtcOffsetMinutes><VolumeUnit>ml</VolumeUnit><AmplitudePrecision>2</AmplitudePrecision><AmplitudeUnit></AmplitudeUnit><IsOriginalData>true</IsOriginalData><IsReadOnly>false</IsReadOnly><CompressionDesc></CompressionDesc><CurveNumber>16</CurveNumber><ColumnVolume>23.562</ColumnVolume><ColumnVolumeUnitName>ml</ColumnVolumeUnitName><CurvePoints><CurvePoint><IsFullResolution>true</IsFullResolution><BinaryCurvePointsFileName>Chrom.1_16_True</BinaryCurvePointsFileName></CurvePoint></CurvePoints><GuidePoints /></Curve><Curve CurveDataType="UV"><Name>UV</Name><IsoChroneType>Time</IsoChroneType><InjectionEventCurve><CurveNumber>12</CurveNumber></InjectionEventCurve><IsExternal>false</IsExternal><ScanInterval>0</ScanInterval><DistanceBetweenPoints>0.003333333</DistanceBetweenPoints><DistanceToStartPoint>0.001666667</DistanceToStartPoint><TimeUnit>min</TimeUnit><MethodStartTime>2025-10-10T10:10:04.352</MethodStartTime><MethodStartTimeUtcOffsetMinutes>-240</MethodStartTimeUtcOffsetMinutes><ChromatogramStartTime>2025-10-10T10:10:04.352</ChromatogramStartTime><ChromatogramStartTimeUtcOffsetMinutes>-240</ChromatogramStartTimeUtcOffsetMinutes><VolumeUnit>ml</VolumeUnit><AmplitudePrecision>3</AmplitudePrecision><AmplitudeUnit>mAU</AmplitudeUnit><IsOriginalData>true</IsOriginalData><IsReadOnly>false</IsReadOnly><CompressionDesc></CompressionDesc><CurveNumber>18</CurveNumber><ColumnVolume>23.562</ColumnVolume><ColumnVolumeUnitName>ml</ColumnVolumeUnitName><CurvePoints><CurvePoint><IsFullResolution>true</IsFullResolution><BinaryCurvePointsFileName>Chrom.1_18_True</BinaryCurvePointsFileName></CurvePoint></CurvePoints><GuidePoints /><CurveUVInfo><IsUVValuesNormalizedToNominalUVPathLength>true</IsUVValuesNormalizedToNominalUVPathLength><UVPathLength>2</UVPathLength><NominalUVPathLength>2</NominalUVPathLength><IsSystemProvided>true</IsSystemProvided></CurveUVInfo></Curve><Curve CurveDataType="Pressure"><Name>System pressure</Name><IsoChroneType>Time</IsoChroneType><InjectionEventCurve><CurveNumber>12</CurveNumber></InjectionEventCurve><IsExternal>false</IsExternal><ScanInterval>0</ScanInterval><DistanceBetweenPoints>0.003333333</DistanceBetweenPoints><DistanceToStartPoint>0.001666667</DistanceToStartPoint><TimeUnit>min</TimeUnit><MethodStartTime>2025-10-10T10:10:04.352</MethodStartTime><MethodStartTimeUtcOffsetMinutes>-240</MethodStartTimeUtcOffsetMinutes><ChromatogramStartTime>2025-10-10T10:10:04.352</ChromatogramStartTime><ChromatogramStartTimeUtcOffsetMinutes>-240</ChromatogramStartTimeUtcOffsetMinutes><VolumeUnit>ml</VolumeUnit><AmplitudePrecision>3</AmplitudePrecision><AmplitudeUnit>MPa</AmplitudeUnit><IsOriginalData>true</IsOriginalData><IsReadOnly>false</IsReadOnly><CompressionDesc></CompressionDesc><CurveNumber>20</CurveNumber><ColumnVolume>23.562</ColumnVolume><ColumnVolumeUnitName>ml</ColumnVolumeUnitName><CurvePoints><CurvePoint><IsFullResolution>true</IsFullResolution><BinaryCurvePointsFileName>Chrom.1_20_True</BinaryCurvePointsFileName></CurvePoint></CurvePoints><GuidePoints /></Curve><Curve CurveDataType="Pressure"><Name>PostC pressure</Name><IsoChroneType>Time</IsoChroneType><InjectionEventCurve><CurveNumber>12</CurveNumber></InjectionEventCurve><IsExternal>false</IsExternal><ScanInterval>0</ScanInterval><DistanceBetweenPoints>0.01666667</DistanceBetweenPoints><DistanceToStartPoint>0.006666667</DistanceToStartPoint><TimeUnit>min</TimeUnit><MethodStartTime>2025-10-10T10:10:04.352</MethodStartTime><MethodStartTimeUtcOffsetMinutes>-240</MethodStartTimeUtcOffsetMinutes><ChromatogramStartTime>2025-10-10T10:10:04.352</ChromatogramStartTime><ChromatogramStartTimeUtcOffsetMinutes>-240</ChromatogramStartTimeUtcOffsetMinutes><VolumeUnit>ml</VolumeUnit><AmplitudePrecision>3</AmplitudePrecision><AmplitudeUnit>MPa</AmplitudeUnit><IsOriginalData>true</IsOriginalData><IsReadOnly>false</IsReadOnly><CompressionDesc></CompressionDesc><CurveNumber>21</CurveNumber><ColumnVolume>23.562</ColumnVolume><ColumnVolumeUnitName>ml</ColumnVolumeUnitName><CurvePoints><CurvePoint><IsFullResolution>true</IsFullResolution><BinaryCurvePointsFileName>Chrom.1_21_True</BinaryCurvePointsFileName></CurvePoint></CurvePoints><GuidePoints /></Curve><Curve CurveDataType="Temperature"><Name>Cond temp</Name><IsoChroneType>Time</IsoChroneType><InjectionEventCurve><CurveNumber>12</CurveNumber></InjectionEventCurve><IsExternal>false</IsExternal><ScanInterval>0</ScanInterval><DistanceBetweenPoints>0.03333334</DistanceBetweenPoints><DistanceToStartPoint>0.005</DistanceToStartPoint><TimeUnit>min</TimeUnit><MethodStartTime>2025-10-10T10:10:04.352</MethodStartTime><MethodStartTimeUtcOffsetMinutes>-240</MethodStartTimeUtcOffsetMinutes><ChromatogramStartTime>2025-10-10T10:10:04.352</ChromatogramStartTime><ChromatogramStartTimeUtcOffsetMinutes>-240</ChromatogramStartTimeUtcOffsetMinutes><VolumeUnit>ml</VolumeUnit><AmplitudePrecision>1</AmplitudePrecision><AmplitudeUnit>°C</AmplitudeUnit><IsOriginalData>true</IsOriginalData><IsReadOnly>false</IsReadOnly><CompressionDesc></CompressionDesc><CurveNumber>23</CurveNumber><ColumnVolume>23.562</ColumnVolume><ColumnVolumeUnitName>ml</ColumnVolumeUnitName><CurvePoints><CurvePoint><IsFullResolution>true</IsFullResolution><BinaryCurvePointsFileName>Chrom.1_23_True</BinaryCurvePointsFileName></CurvePoint></CurvePoints><GuidePoints /></Curve><Curve CurveDataType="Other"><Name>UV cell path length</Name><IsoChroneType>Time</IsoChroneType><InjectionEventCurve><CurveNumber>12</CurveNumber></InjectionEventCurve><IsExternal>false</IsExternal><ScanInterval>0</ScanInterval><DistanceBetweenPoints>0.01666667</DistanceBetweenPoints><DistanceToStartPoint>0.01333333</DistanceToStartPoint><TimeUnit>min</TimeUnit><MethodStartTime>2025-10-10T10:10:04.352</MethodStartTime><MethodStartTimeUtcOffsetMinutes>-240</MethodStartTimeUtcOffsetMinutes><ChromatogramStartTime>2025-10-10T10:10:04.352</ChromatogramStartTime><ChromatogramStartTimeUtcOffsetMinutes>-240</ChromatogramStartTimeUtcOffsetMinutes><VolumeUnit>ml</VolumeUnit><AmplitudePrecision>1</AmplitudePrecision><AmplitudeUnit>cm</AmplitudeUnit><IsOriginalData>true</IsOriginalData><IsReadOnly>false</IsReadOnly><CompressionDesc></CompressionDesc><CurveNumber>39</CurveNumber><ColumnVolume>23.562</ColumnVolume><ColumnVolumeUnitName>ml</ColumnVolumeUnitName><CurvePoints><CurvePoint><IsFullResolution>true</IsFullResolution><BinaryCurvePointsFileName>Chrom.1_39_True</BinaryCurvePointsFileName></CurvePoint></CurvePoints><GuidePoints /><CurveUVInfo><IsUVValuesNormalizedToNominalUVPathLength>true</IsUVValuesNormalizedToNominalUVPathLength><UVPathLength>2</UVPathLength><NominalUVPathLength>2</NominalUVPathLength><IsSystemProvided>true</IsSystemProvided></CurveUVInfo></Curve><Curve CurveDataType="Other"><Name>Sample flow (CV/h)</Name><IsoChroneType>Time</IsoChroneType><InjectionEventCurve><CurveNumber>12</CurveNumber></InjectionEventCurve><IsExternal>false</IsExternal><ScanInterval>0</ScanInterval><DistanceBetweenPoints>0.01666667</DistanceBetweenPoints><DistanceToStartPoint>0.01166667</DistanceToStartPoint><TimeUnit>min</TimeUnit><MethodStartTime>2025-10-10T10:10:04.352</MethodStartTime><MethodStartTimeUtcOffsetMinutes>-240</MethodStartTimeUtcOffsetMinutes><ChromatogramStartTime>2025-10-10T10:10:04.352</ChromatogramStartTime><ChromatogramStartTimeUtcOffsetMinutes>-240</ChromatogramStartTimeUtcOffsetMinutes><VolumeUnit>ml</VolumeUnit><AmplitudePrecision>2</AmplitudePrecision><AmplitudeUnit>CV/h</AmplitudeUnit><IsOriginalData>true</IsOriginalData><IsReadOnly>false</IsReadOnly><CompressionDesc></CompressionDesc><CurveNumber>89</CurveNumber><ColumnVolume>23.562</ColumnVolume><ColumnVolumeUnitName>ml</ColumnVolumeUnitName><CurvePoints><CurvePoint><IsFullResolution>true</IsFullResolution><BinaryCurvePointsFileName>Chrom.1_89_True</BinaryCurvePointsFileName></CurvePoint></CurvePoints><GuidePoints /></Curve><Curve CurveDataType="Other"><Name>System flow (CV/h)</Name><IsoChroneType>Time</IsoChroneType><InjectionEventCurve><CurveNumber>12</CurveNumber></InjectionEventCurve><IsExternal>false</IsExternal><ScanInterval>0</ScanInterval><DistanceBetweenPoints>0.01666667</DistanceBetweenPoints><DistanceToStartPoint>0.01</DistanceToStartPoint><TimeUnit>min</TimeUnit><MethodStartTime>2025-10-10T10:10:04.352</MethodStartTime><MethodStartTimeUtcOffsetMinutes>-240</MethodStartTimeUtcOffsetMinutes><ChromatogramStartTime>2025-10-10T10:10:04.352</ChromatogramStartTime><ChromatogramStartTimeUtcOffsetMinutes>-240</ChromatogramStartTimeUtcOffsetMinutes><VolumeUnit>ml</VolumeUnit><AmplitudePrecision>2</AmplitudePrecision><AmplitudeUnit>CV/h</AmplitudeUnit><IsOriginalData>true</IsOriginalData><IsReadOnly>false</IsReadOnly><CompressionDesc></CompressionDesc><CurveNumber>90</CurveNumber><ColumnVolume>23.562</ColumnVolume><ColumnVolumeUnitName>ml</ColumnVolumeUnitName><CurvePoints><CurvePoint><IsFullResolution>true</IsFullResolution><BinaryCurvePointsFileName>Chrom.1_90_True</BinaryCurvePointsFileName></CurvePoint></CurvePoints><GuidePoints /></Curve></Curves><EventCurves><EventCurve EventCurveType="Injection"><Name>Injection</Name><MethodStartTime>2025-10-10T10:10:04.352</MethodStartTime><MethodStartTimeUtcOffsetMinutes>-240</MethodStartTimeUtcOffsetMinutes><ChromatogramStartTime>2025-10-10T10:10:04.352</ChromatogramStartTime><ChromatogramStartTimeUtcOffsetMinutes>-240</ChromatogramStartTimeUtcOffsetMinutes><TimeUnit>min</TimeUnit><VolumeUnit>ml</VolumeUnit><IsOriginalData>true</IsOriginalData><CurveNumber>12</CurveNumber><ColumnVolume>23.562</ColumnVolume><ColumnVolumeUnitName>ml</ColumnVolumeUnitName><Events><Event EventType="Injection" EventSubType="Undefined"><EventTime>32.94333</EventTime><EventVolume>23.60834</EventVolume><EventText></EventText><InstructionFeedback>0</InstructionFeedback></Event></Events></EventCurve><EventCurve EventCurveType="Logbook"><Name>Run Log</Name><MethodStartTime>2025-10-10T10:10:04.352</MethodStartTime><MethodStartTimeUtcOffsetMinutes>-240</MethodStartTimeUtcOffsetMinutes><ChromatogramStartTime>2025-10-10T10:10:04.352</ChromatogramStartTime><ChromatogramStartTimeUtcOffsetMinutes>-240</ChromatogramStartTimeUtcOffsetMinutes><InjectionEventCurve><CurveNumber>12</CurveNumber></InjectionEventCurve><TimeUnit>min</TimeUnit><VolumeUnit>ml</VolumeUnit><IsOriginalData>true</IsOriginalData><CurveNumber>22</CurveNumber><ColumnVolume>23.562</ColumnVolume><ColumnVolumeUnitName>ml</ColumnVolumeUnitName><Events><Event EventType="Method" EventSubType="BlockStart"><EventTime>0</EventTime><EventVolume>0</EventVolume><EventText>Method Run 10/10/2025 10:10:04 AM -04:00 Method: 500 uL SEC 10_300 GL Column - Run Sample  DHF2024.09.06 Result: /DefaultHome/10.10.2025_PPLOT00367_SEC 001 User Default at computer WIN-CZC7357XSW is in control</EventText><InstructionFeedback>0</InstructionFeedback></Event><Event EventType="Method" EventSubType="Undefined"><EventTime>0</EventTime><EventVolume>0</EventVolume><EventText>Batch ID: ce8bfd3e-1d71-4903-9728-a1855826f1ca</EventText><InstructionFeedback>0</InstructionFeedback></Event><Event EventType="Method" EventSubType="Undefined"><EventTime>0</EventTime><EventVolume>0</EventVolume><EventText>Base CV, Vc=23.562 {ml}, Superdex 200 10/300 GL</EventText><InstructionFeedback>0</InstructionFeedback></Event><Event EventType="System" EventSubType="Undefined"><EventTime>0</EventTime><EventVolume>0</EventVolume><EventText>The method flow is now calculated based on the system flow. (System)</EventText><InstructionFeedback>0</InstructionFeedback></Event><Event EventType="Method" EventSubType="BlockStart"><EventTime>0</EventTime><EventVolume>0</EventVolume><EventText>Phase Method Settings (Issued) (Processing) (Completed)</EventText><InstructionFeedback>458753</InstructionFeedback></Event><Event EventType="Method" EventSubType="Undefined"><EventTime>0</EventTime><EventVolume>0</EventVolume><EventText>Base SameAsMain</EventText><InstructionFeedback>0</InstructionFeedback></Event><Event EventType="Method" EventSubType="Undefined"><EventTime>0</EventTime><EventVolume>0</EventVolume><EventText>Alarm pre column pressure Enabled 5.00 {MPa} 0.00 {MPa} (Issued) (Processing)</EventText><InstructionFeedback>196609</InstructionFeedback></Event><Event EventType="Method" EventSubType="Undefined"><EventTime>0.008333334</EventTime><EventVolume>0</EventVolume><EventText>Alarm pre column pressure Enabled 5.00 {MPa} 0.00 {MPa} (Completed)</EventText><InstructionFeedback>262145</InstructionFeedback></Event><Event EventType="Method" EventSubType="Undefined"><EventTime>0.008333334</EventTime><EventVolume>0</EventVolume><EventText>Alarm delta column pressure Enabled 1.50 {MPa} 0.00 {MPa} (Issued) (Processing)</EventText><InstructionFeedback>196609</InstructionFeedback></Event><Event EventType="Method" EventSubType="Undefined"><EventTime>0.015</EventTime><EventVolume>0</EventVolume><EventText>Alarm delta column pressure Enabled 1.50 {MPa} 0.00 {MPa} (Completed)</EventText><InstructionFeedback>262145</InstructionFeedback></Event><Event EventType="Method" EventSubType="Undefined"><EventTime>0.015</EventTime><EventVolume>0</EventVolume><EventText>Noise reduction UV 5.0 {sec} (Issued) (Processing)</EventText><InstructionFeedback>196609</InstructionFeedback></Event><Event EventType="Method" EventSubType="Undefined"><EventTime>0.01833333</EventTime><EventVolume>0</EventVolume><EventText>Noise reduction UV 5.0 {sec} (Completed)</EventText><InstructionFeedback>262145</InstructionFeedback></Event><Event EventType="Method" EventSubType="Undefined"><EventTime>0.01833333</EventTime><EventVolume>0</EventVolume><EventText>Injection valve Manual load (Issued) (Processing)</EventText><InstructionFeedback>196609</InstructionFeedback></Event><Event EventType="Method" EventSubType="Undefined"><EventTime>0.02166667</EventTime><EventVolume>0</EventVolume><EventText>Injection valve Manual load (Completed)</EventText><InstructionFeedback>262145</InstructionFeedback></Event><Event EventType="Method" EventSubType="Undefined"><EventTime>0.02166667</EventTime><EventVolume>0</EventVolume><EventText>Column position 4 Down flow (Issued) (Processing)</EventText><InstructionFeedback>196609</InstructionFeedback></Event><Event EventType="Method" EventSubType="Undefined"><EventTime>0.045</EventTime><EventVolume>0</EventVolume><EventText>Column position 4 Down flow (Completed)</EventText><InstructionFeedback>262145</InstructionFeedback></Event><Event EventType="Method" EventSubType="Undefined"><EventTime>0.045</EventTime><EventVolume>0</EventVolume><EventText>pH valve In-line In-line (Issued) (Processing)</EventText><InstructionFeedback>196609</InstructionFeedback></Event><Event EventType="Method" EventSubType="Undefined"><EventTime>0.055</EventTime><EventVolume>0</EventVolume><EventText>pH valve In-line In-line (Completed)</EventText><InstructionFeedback>262145</InstructionFeedback></Event><Event EventType="Method" EventSubType="Undefined"><EventTime>0.055</EventTime><EventVolume>0</EventVolume><EventText>Inlet A A1 (Issued) (Processing)</EventText><InstructionFeedback>196609</InstructionFeedback></Event><Event EventType="Method" EventSubType="Undefined"><EventTime>0.05833333</EventTime><EventVolume>0</EventVolume><EventText>Inlet A A1 (Completed)</EventText><InstructionFeedback>262145</InstructionFeedback></Event><Event EventType="Method" EventSubType="Undefined"><EventTime>0.05833333</EventTime><EventVolume>0</EventVolume><EventText>Alarm inlet A air sensor Enabled (Issued) (Processing)</EventText><InstructionFeedback>196609</InstructionFeedback></Event><Event EventType="Method" EventSubType="Undefined"><EventTime>0.06166667</EventTime><EventVolume>0</EventVolume><EventText>Alarm inlet A air sensor Enabled (Completed)</EventText><InstructionFeedback>262145</InstructionFeedback></Event><Event EventType="Method" EventSubType="Undefined"><EventTime>0.06166667</EventTime><EventVolume>0</EventVolume><EventText>Alarm sample inlet air sensor Enabled (Issued) (Processing)</EventText><InstructionFeedback>196609</InstructionFeedback></Event><Event EventType="Method" EventSubType="Undefined"><EventTime>0.065</EventTime><EventVolume>0</EventVolume><EventText>Alarm sample inlet air sensor Enabled (Completed)</EventText><InstructionFeedback>262145</InstructionFeedback></Event><Event EventType="Method" EventSubType="Undefined"><EventTime>0.065</EventTime><EventVolume>0</EventVolume><EventText>System flow 0.75 {ml/min} Delta column pressure (Issued) (Processing)</EventText><InstructionFeedback>196609</InstructionFeedback></Event><Event EventType="Method" EventSubType="Undefined"><EventTime>0.075</EventTime><EventVolume>0.00004648816</EventVolume><EventText>System flow 0.75 {ml/min} Delta column pressure (Completed)</EventText><InstructionFeedback>262145</InstructionFeedback></Event><Event EventType="Method" EventSubType="BlockEnd"><EventTime>0.075</EventTime><EventVolume>0.00004648816</EventVolume><EventText>End Phase (Issued) (Processing) (Completed)</EventText><InstructionFeedback>458753</InstructionFeedback></Event><Event EventType="Method" EventSubType="BlockStart"><EventTime>0.075</EventTime><EventVolume>0.00004648816</EventVolume><EventText>Phase Equilibration (Issued) (Processing) (Completed)</EventText><InstructionFeedback>458753</InstructionFeedback></Event><Event EventType="Method" EventSubType="Undefined"><EventTime>0.075</EventTime><EventVolume>0.00004648816</EventVolume><EventText>Base SameAsMain</EventText><InstructionFeedback>0</InstructionFeedback></Event><Event EventType="Method" EventSubType="Undefined"><EventTime>0.075</EventTime><EventVolume>0.00004648816</EventVolume><EventText>Inlet A A1 (Issued) (Processing)</EventText><InstructionFeedback>196609</InstructionFeedback></Event><Event EventType="Method" EventSubType="Undefined"><EventTime>0.07833333</EventTime><EventVolume>0.0004186004</EventVolume><EventText>Inlet A A1 (Completed)</EventText><InstructionFeedback>262145</InstructionFeedback></Event><Event EventType="Method" EventSubType="Undefined"><EventTime>0.07833333</EventTime><EventVolume>0.0004186004</EventVolume><EventText>Gradient 0.0 {%B} 0.00 {CV} (Issued) (Processing)</EventText><InstructionFeedback>196609</InstructionFeedback></Event><Event EventType="Method" EventSubType="Undefined"><EventTime>0.08166666</EventTime><EventVolume>0.001070764</EventVolume><EventText>Gradient 0.0 {%B} 0.00 {CV} (Completed)</EventText><InstructionFeedback>262145</InstructionFeedback></Event><Event EventType="Method" EventSubType="Undefined"><EventTime>0.08166666</EventTime><EventVolume>0.001070764</EventVolume><EventText>System flow 0.75 {ml/min} Delta column pressure (Issued) (Processing)</EventText><InstructionFeedback>196609</InstructionFeedback></Event><Event EventType="Method" EventSubType="Undefined"><EventTime>0.09166667</EventTime><EventVolume>0.004631866</EventVolume><EventText>System flow 0.75 {ml/min} Delta column pressure (Completed)</EventText><InstructionFeedback>262145</InstructionFeedback></Event><Event EventType="Method" EventSubType="Undefined"><EventTime>0.09166667</EventTime><EventVolume>0.004631866</EventVolume><EventText>System wash 50 {ml} Injection valve (W1) (Issued) (Processing)</EventText><InstructionFeedback>196609</InstructionFeedback></Event><Event EventType="System" EventSubType="Undefined"><EventTime>0.095</EventTime><EventVolume>0.006377953</EventVolume><EventText>Continue 10/10/2025 10:11:17 AM -04:00 (Issued) (System)</EventText><InstructionFeedback>65539</InstructionFeedback></Event><Event EventType="System" EventSubType="Undefined"><EventTime>0.095</EventTime><EventVolume>0.006377953</EventVolume><EventText>Continue 10/10/2025 10:11:17 AM -04:00 (Processing) (System)</EventText><InstructionFeedback>131075</InstructionFeedback></Event><Event EventType="System" EventSubType="Undefined"><EventTime>0.095</EventTime><EventVolume>0.006377953</EventVolume><EventText>Continue 10/10/2025 10:11:17 AM -04:00 (Completed) (System)</EventText><InstructionFeedback>262147</InstructionFeedback></Event><Event EventType="Method" EventSubType="Undefined"><EventTime>0.095</EventTime><EventVolume>0.006377953</EventVolume><EventText>System wash 50 {ml} Injection valve (W1) (Completed)</EventText><InstructionFeedback>262145</InstructionFeedback></Event><Event EventType="Method" EventSubType="BlockStart"><EventTime>0.095</EventTime><EventVolume>0.006377953</EventVolume><EventText>Block Hold until UV stable signal (Issued) (Processing) (Completed)</EventText><InstructionFeedback>458753</InstructionFeedback></Event><Event EventType="Method" EventSubType="Undefined"><EventTime>0.095</EventTime><EventVolume>0.006377953</EventVolume><EventText>Base Time {min}</EventText><InstructionFeedback>0</InstructionFeedback></Event><Event EventType="Method" EventSubType="Undefined"><EventTime>0.095</EventTime><EventVolume>0.006377953</EventVolume><EventText>Watch UV parameters 0.00 {mAU} 1.00 {mAU} (Issued) (Processing) (Completed)</EventText><InstructionFeedback>458753</InstructionFeedback></Event><Event EventType="Method" EventSubType="Undefined"><EventTime>0.095</EventTime><EventVolume>0.006377953</EventVolume><EventText>Hold until UV Stable signal 0.03 {min} 5.00 {min} (Issued) (Processing) (Completed)</EventText><InstructionFeedback>458753</InstructionFeedback></Event><Event EventType="System" EventSubType="Undefined"><EventTime>0.1333333</EventTime><EventVolume>0.02648358</EventVolume><EventText>Hold until Condition Occurred UV Stable signal 0.03 {min} 5.00 {min} (Processing) (System)</EventText><InstructionFeedback>131075</InstructionFeedback></Event><Event EventType="System" EventSubType="Undefined"><EventTime>0.1366667</EventTime><EventVolume>0.02897822</EventVolume><EventText>Hold until Condition Occurred UV Stable signal 0.03 {min} 5.00 {min} (Completed) (System)</EventText><InstructionFeedback>262147</InstructionFeedback></Event><Event EventType="Method" EventSubType="BlockEnd"><EventTime>0.1366667</EventTime><EventVolume>0.02897822</EventVolume><EventText>End_Block (Issued) (Processing) (Completed)</EventText><InstructionFeedback>458753</InstructionFeedback></Event><Event EventType="Method" EventSubType="Undefined"><EventTime>0.1366667</EventTime><EventVolume>0.02897822</EventVolume><EventText>Auto zero UV (Issued) (Processing)</EventText><InstructionFeedback>196609</InstructionFeedback></Event><Event EventType="Method" EventSubType="Undefined"><EventTime>0.14</EventTime><EventVolume>0.03149955</EventVolume><EventText>Auto zero UV (Completed)</EventText><InstructionFeedback>262145</InstructionFeedback></Event><Event EventType="Method" EventSubType="BlockStart"><EventTime>0.14</EventTime><EventVolume>0.03149955</EventVolume><EventText>Block Equilibrate (Issued) (Processing) (Completed)</EventText><InstructionFeedback>458753</InstructionFeedback></Event><Event EventType="Method" EventSubType="Undefined"><EventTime>0.14</EventTime><EventVolume>0.03149955</EventVolume><EventText>Base SameAsMain</EventText><InstructionFeedback>0</InstructionFeedback></Event><Event EventType="System" EventSubType="UserControl"><EventTime>19.89167</EventTime><EventVolume>14.20647</EventVolume><EventText>User Default at computer WIN-CZC7357XSW released control of system Pure 150L 2257824 . 10/10/2025 10:31:05 AM -04:00 (System)</EventText><InstructionFeedback>0</InstructionFeedback></Event><Event EventType="System" EventSubType="UserControl"><EventTime>19.89167</EventTime><EventVolume>14.20647</EventVolume><EventText>User Default at computer WIN-CZC7357XSW disconnected from system Pure 150L 2257824 . 10/10/2025 10:31:05 AM -04:00 (System)</EventText><InstructionFeedback>0</InstructionFeedback></Event><Event EventType="Method" EventSubType="BlockEnd"><EventTime>32.92</EventTime><EventVolume>23.59211</EventVolume><EventText>End_Block (Issued) (Processing) (Completed)</EventText><InstructionFeedback>458753</InstructionFeedback></Event><Event EventType="Method" EventSubType="Undefined"><EventTime>32.92</EventTime><EventVolume>23.59211</EventVolume><EventText>Auto zero UV (Issued) (Processing)</EventText><InstructionFeedback>196609</InstructionFeedback></Event><Event EventType="Method" EventSubType="Undefined"><EventTime>32.92333</EventTime><EventVolume>23.5946</EventVolume><EventText>Auto zero UV (Completed)</EventText><InstructionFeedback>262145</InstructionFeedback></Event><Event EventType="Method" EventSubType="BlockEnd"><EventTime>32.92333</EventTime><EventVolume>23.5946</EventVolume><EventText>End Phase (Issued) (Processing) (Completed)</EventText><InstructionFeedback>458753</InstructionFeedback></Event><Event EventType="Method" EventSubType="BlockStart"><EventTime>32.92333</EventTime><EventVolume>23.5946</EventVolume><EventText>Phase Sample Application (Issued) (Processing) (Completed)</EventText><InstructionFeedback>458753</InstructionFeedback></Event><Event EventType="Method" EventSubType="Undefined"><EventTime>32.92333</EventTime><EventVolume>23.5946</EventVolume><EventText>Base SameAsMain</EventText><InstructionFeedback>0</InstructionFeedback></Event><Event EventType="Method" EventSubType="BlockStart"><EventTime>32.92333</EventTime><EventVolume>23.5946</EventVolume><EventText>Block Prepare sample loading (Issued) (Processing) (Completed)</EventText><InstructionFeedback>458753</InstructionFeedback></Event><Event EventType="Method" EventSubType="Undefined"><EventTime>32.92333</EventTime><EventVolume>23.5946</EventVolume><EventText>Base SameAsMain</EventText><InstructionFeedback>0</InstructionFeedback></Event><Event EventType="Method" EventSubType="SetMark"><EventTime>32.92333</EventTime><EventVolume>23.5946</EventVolume><EventText>Set mark "" (Issued) (Processing) (Completed)</EventText><InstructionFeedback>458753</InstructionFeedback></Event><Event EventType="Method" EventSubType="BlockEnd"><EventTime>32.92333</EventTime><EventVolume>23.5946</EventVolume><EventText>End_Block (Issued) (Processing) (Completed)</EventText><InstructionFeedback>458753</InstructionFeedback></Event><Event EventType="Method" EventSubType="BlockStart"><EventTime>32.92333</EventTime><EventVolume>23.5946</EventVolume><EventText>Block Inject (Issued) (Processing) (Completed)</EventText><InstructionFeedback>458753</InstructionFeedback></Event><Event EventType="Method" EventSubType="Undefined"><EventTime>32.92333</EventTime><EventVolume>23.5946</EventVolume><EventText>Base Volume, Vc=23.562 {ml}, ColumnSameAsMain</EventText><InstructionFeedback>0</InstructionFeedback></Event><Event EventType="Method" EventSubType="Undefined"><EventTime>32.92333</EventTime><EventVolume>23.5946</EventVolume><EventText>Inlet A A1 (Issued) (Processing)</EventText><InstructionFeedback>196609</InstructionFeedback></Event><Event EventType="Method" EventSubType="Undefined"><EventTime>32.92667</EventTime><EventVolume>23.59711</EventVolume><EventText>Inlet A A1 (Completed)</EventText><InstructionFeedback>262145</InstructionFeedback></Event><Event EventType="Method" EventSubType="Undefined"><EventTime>32.92667</EventTime><EventVolume>23.59711</EventVolume><EventText>Gradient 0.0 {%B} 0.00 {ml} (Issued) (Processing)</EventText><InstructionFeedback>196609</InstructionFeedback></Event><Event EventType="Method" EventSubType="Undefined"><EventTime>32.93</EventTime><EventVolume>23.59959</EventVolume><EventText>Gradient 0.0 {%B} 0.00 {ml} (Completed)</EventText><InstructionFeedback>262145</InstructionFeedback></Event><Event EventType="Method" EventSubType="Undefined"><EventTime>32.93</EventTime><EventVolume>23.59959</EventVolume><EventText>Injection valve Inject (Issued) (Processing)</EventText><InstructionFeedback>196609</InstructionFeedback></Event><Event EventType="Method" EventSubType="Undefined"><EventTime>32.94333</EventTime><EventVolume>23.60959</EventVolume><EventText>Injection valve Inject (Completed)</EventText><InstructionFeedback>262145</InstructionFeedback></Event><Event EventType="Method" EventSubType="Undefined"><EventTime>32.94333</EventTime><EventVolume>23.60959</EventVolume><EventText>System flow 0.75 {ml/min} Delta column pressure (Issued) (Processing)</EventText><InstructionFeedback>196609</InstructionFeedback></Event><Event EventType="Method" EventSubType="Undefined"><EventTime>32.95333</EventTime><EventVolume>23.6171</EventVolume><EventText>System flow 0.75 {ml/min} Delta column pressure (Completed)</EventText><InstructionFeedback>262145</InstructionFeedback></Event><Event EventType="Method" EventSubType="BlockEnd"><EventTime>34.3</EventTime><EventVolume>24.59236</EventVolume><EventText>End_Block (Issued) (Processing) (Completed)</EventText><InstructionFeedback>458753</InstructionFeedback></Event><Event EventType="Method" EventSubType="Undefined"><EventTime>34.3</EventTime><EventVolume>24.59236</EventVolume><EventText>Injection valve Manual load (Issued) (Processing)</EventText><InstructionFeedback>196609</InstructionFeedback></Event><Event EventType="Method" EventSubType="Undefined"><EventTime>34.31333</EventTime><EventVolume>24.60227</EventVolume><EventText>Injection valve Manual load (Completed)</EventText><InstructionFeedback>262145</InstructionFeedback></Event><Event EventType="Method" EventSubType="BlockEnd"><EventTime>34.31333</EventTime><EventVolume>24.60227</EventVolume><EventText>End Phase (Issued) (Processing) (Completed)</EventText><InstructionFeedback>458753</InstructionFeedback></Event><Event EventType="Method" EventSubType="BlockStart"><EventTime>34.31333</EventTime><EventVolume>24.60227</EventVolume><EventText>Phase Elution (Issued) (Processing) (Completed)</EventText><InstructionFeedback>458753</InstructionFeedback></Event><Event EventType="Method" EventSubType="Undefined"><EventTime>34.31333</EventTime><EventVolume>24.60227</EventVolume><EventText>Base SameAsMain</EventText><InstructionFeedback>0</InstructionFeedback></Event><Event EventType="Method" EventSubType="Undefined"><EventTime>34.31333</EventTime><EventVolume>24.60227</EventVolume><EventText>Inlet A A1 (Issued) (Processing)</EventText><InstructionFeedback>196609</InstructionFeedback></Event><Event EventType="Method" EventSubType="Undefined"><EventTime>34.31667</EventTime><EventVolume>24.60476</EventVolume><EventText>Inlet A A1 (Completed)</EventText><InstructionFeedback>262145</InstructionFeedback></Event><Event EventType="Method" EventSubType="Undefined"><EventTime>34.31667</EventTime><EventVolume>24.60476</EventVolume><EventText>Gradient 0.0 {%B} 0.00 {CV} (Issued) (Processing)</EventText><InstructionFeedback>196609</InstructionFeedback></Event><Event EventType="Method" EventSubType="Undefined"><EventTime>34.32</EventTime><EventVolume>24.6073</EventVolume><EventText>Gradient 0.0 {%B} 0.00 {CV} (Completed)</EventText><InstructionFeedback>262145</InstructionFeedback></Event><Event EventType="Method" EventSubType="Undefined"><EventTime>34.32</EventTime><EventVolume>24.6073</EventVolume><EventText>System flow 0.50 {ml/min} Delta column pressure (Issued) (Processing)</EventText><InstructionFeedback>196609</InstructionFeedback></Event><Event EventType="Method" EventSubType="Undefined"><EventTime>34.33</EventTime><EventVolume>24.6141</EventVolume><EventText>System flow 0.50 {ml/min} Delta column pressure (Completed)</EventText><InstructionFeedback>262145</InstructionFeedback></Event><Event EventType="Method" EventSubType="Undefined"><EventTime>34.33</EventTime><EventVolume>24.6141</EventVolume><EventText>System wash 50 {ml} Injection valve (W1) (Issued) (Processing)</EventText><InstructionFeedback>196609</InstructionFeedback></Event><Event EventType="System" EventSubType="Undefined"><EventTime>34.33333</EventTime><EventVolume>24.61576</EventVolume><EventText>Continue 10/10/2025 10:46:38 AM -04:00 (Issued) (System)</EventText><InstructionFeedback>65539</InstructionFeedback></Event><Event EventType="System" EventSubType="Undefined"><EventTime>34.33333</EventTime><EventVolume>24.61576</EventVolume><EventText>Continue 10/10/2025 10:46:38 AM -04:00 (Processing) (System)</EventText><InstructionFeedback>131075</InstructionFeedback></Event><Event EventType="System" EventSubType="Undefined"><EventTime>34.33333</EventTime><EventVolume>24.61576</EventVolume><EventText>Continue 10/10/2025 10:46:38 AM -04:00 (Completed) (System)</EventText><InstructionFeedback>262147</InstructionFeedback></Event><Event EventType="Method" EventSubType="Undefined"><EventTime>34.33333</EventTime><EventVolume>24.61576</EventVolume><EventText>System wash 50 {ml} Injection valve (W1) (Completed)</EventText><InstructionFeedback>262145</InstructionFeedback></Event><Event EventType="Method" EventSubType="BlockStart"><EventTime>34.33333</EventTime><EventVolume>24.61576</EventVolume><EventText>Block Isocratic (Issued) (Processing) (Completed)</EventText><InstructionFeedback>458753</InstructionFeedback></Event><Event EventType="Method" EventSubType="Undefined"><EventTime>34.33333</EventTime><EventVolume>24.61576</EventVolume><EventText>Base SameAsMain</EventText><InstructionFeedback>0</InstructionFeedback></Event><Event EventType="System" EventSubType="UserControl"><EventTime>72.68</EventTime><EventVolume>43.78524</EventVolume><EventText>User Default at computer WIN-CZC7357XSW connected to system Pure 150L 2257824  in View mode. 10/10/2025 11:24:59 AM -04:00 (System)</EventText><InstructionFeedback>0</InstructionFeedback></Event><Event EventType="System" EventSubType="UserControl"><EventTime>72.785</EventTime><EventVolume>43.83772</EventVolume><EventText>User Default at computer WIN-CZC7357XSW took control of system Pure 150L 2257824 . 10/10/2025 11:25:05 AM -04:00 (System)</EventText><InstructionFeedback>0</InstructionFeedback></Event><Event EventType="System" EventSubType="Undefined"><EventTime>90.00166</EventTime><EventVolume>52.44598</EventVolume><EventText>Data collection settings adjusted for curve UV.</EventText><MarkValue>0</MarkValue><InstructionFeedback>0</InstructionFeedback></Event><Event EventType="System" EventSubType="Undefined"><EventTime>90.00166</EventTime><EventVolume>52.44598</EventVolume><EventText>Data collection settings adjusted for curve System pressure.</EventText><MarkValue>0</MarkValue><InstructionFeedback>0</InstructionFeedback></Event><Event EventType="Method" EventSubType="BlockEnd"><EventTime>105.0133</EventTime><EventVolume>59.95154</EventVolume><EventText>End_Block (Issued) (Processing) (Completed)</EventText><InstructionFeedback>458753</InstructionFeedback></Event><Event EventType="Method" EventSubType="BlockEnd"><EventTime>105.0133</EventTime><EventVolume>59.95154</EventVolume><EventText>End Phase (Issued) (Processing) (Completed)</EventText><InstructionFeedback>458753</InstructionFeedback></Event><Event EventType="Method" EventSubType="Undefined"><EventTime>105.0133</EventTime><EventVolume>59.95154</EventVolume><EventText>End 10/10/2025 11:57:19 AM -04:00 (Issued) (Processing)</EventText><InstructionFeedback>196609</InstructionFeedback></Event><Event EventType="Method" EventSubType="BlockEnd"><EventTime>105.0133</EventTime><EventVolume>59.95154</EventVolume><EventText>End 10/10/2025 11:57:25 AM -04:00 (Completed)</EventText><InstructionFeedback>262145</InstructionFeedback></Event></Events></EventCurve></EventCurves><PoolTables /><PeakTables /></Chromatogram>