<Result xmlns:xsi="http://www.w3.org/2001/XMLSchema-instance" FormatVersion="5" UNICORNVersion="7.1.0.378"><ResultState>Normal</ResultState><SystemName>Pure 150L 2257824 </SystemName><SystemTypeName>NEXTAKTAchromatography</SystemTypeName><Name>10.10.2025_PPLOT00367_SEC 001</Name><BatchId>ce8bfd3e-1d71-4903-9728-a1855826f1ca</BatchId><IsArchived>false</IsArchived><RunIndex>0</RunIndex><IsReadOnly>false</IsReadOnly><RunType>Method</RunType><ResultPurpose>0</ResultPurpose><FolderPath>/DefaultHome</FolderPath><ResultFormatVersion>3</ResultFormatVersion><ResultDocumentation><RunNote></RunNote><EvaluationNote></EvaluationNote><MethodNote>The method was changed to support the used components. 9/6/2024, 1:50:07 PM

Sample Application
	Sample inlet for loop filling changed Sample pump to S1




The method was changed to support the used components. 5/17/2024, 3:33:13 PM

Elution
	Changed from using fraction collector to divert the flow to waste

</MethodNote></ResultDocumentation><ResultRunInformation RunInformationType="ColumnInformation"><RunInformation>PD94bWwgdmVyc2lvbj0iMS4wIiBlbmNvZGluZz0idXRmLTE2Ij8+PHVzZWRDb2x1bW5zIEZvcm1h
dFZlcnNpb249IjAuMSI+PGNvbHVtbj48bmFtZT5TdXBlcmRleCAyMDAgMTAvMzAwIEdMPC9uYW1l
Pjx2b2x1bWU+MjMuNTYyPC92b2x1bWU+PHZvbHVtZVVuaXQ+bWw8L3ZvbHVtZVVuaXQ+PC9jb2x1
bW4+PC91c2VkQ29sdW1ucz4=</RunInformation></ResultRunInformation><ResultRunInformation RunInformationType="InstrumentServerUNICORNVersion"><RunInformation>Ny4xLjAuMzc4</RunInformation></ResultRunInformation><ResultRunInformation RunInformationType="RunStartDate"><RunInformation>MTAvMTAvMjAyNSAxMDoxMDowMyAtMDQ6MDA=</RunInformation></ResultRunInformation><ResultSearchCriterias><ResultSearchCriteria><Name>VariableValue</Name><Keyword1>Air sensor alarm on sample pump</Keyword1><Keyword2>Enabled</Keyword2></ResultSearchCriteria><ResultSearchCriteria><Name>VariableValue</Name><Keyword1>Column position</Keyword1><Keyword2>4</Keyword2><ExtraDisplayInformation></ExtraDisplayInformation></ResultSearchCriteria><ResultSearchCriteria><Name>VariableValue</Name><Keyword1>Column type</Keyword1><Keyword2>Superdex 200 10/300 GL</Keyword2></ResultSearchCriteria><ResultSearchCriteria><Name>VariableValue</Name><Keyword1>Delta column pressure limit</Keyword1><Keyword2>1.50</Keyword2><ExtraDisplayInformation>MPa</ExtraDisplayInformation></ResultSearchCriteria><ResultSearchCriteria><Name>VariableValue</Name><Keyword1>Empty loop with</Keyword1><Keyword2>1.00</Keyword2><ExtraDisplayInformation>{base}</ExtraDisplayInformation></ResultSearchCriteria><ResultSearchCriteria><Name>VariableValue</Name><Keyword1>Equilibration volume</Keyword1><Keyword2>1.00</Keyword2><ExtraDisplayInformation>{base}</ExtraDisplayInformation></ResultSearchCriteria><ResultSearchCriteria><Name>VariableValue</Name><Keyword1>Fill system (Elution)</Keyword1><Keyword2>50</Keyword2><ExtraDisplayInformation>ml</ExtraDisplayInformation></ResultSearchCriteria><ResultSearchCriteria><Name>VariableValue</Name><Keyword1>Fill system (Equilibration)</Keyword1><Keyword2>50</Keyword2><ExtraDisplayInformation>ml</ExtraDisplayInformation></ResultSearchCriteria><ResultSearchCriteria><Name>VariableValue</Name><Keyword1>Flow rate</Keyword1><Keyword2>0.75</Keyword2><ExtraDisplayInformation>ml/min</ExtraDisplayInformation></ResultSearchCriteria><ResultSearchCriteria><Name>VariableValue</Name><Keyword1>Flow rate (Elution)</Keyword1><Keyword2>0.50</Keyword2><ExtraDisplayInformation>ml/min</ExtraDisplayInformation></ResultSearchCriteria><ResultSearchCriteria><Name>VariableValue</Name><Keyword1>Flow restrictor</Keyword1><Keyword2>In-line</Keyword2></ResultSearchCriteria><ResultSearchCriteria><Name>VariableValue</Name><Keyword1>Inlet A</Keyword1><Keyword2>A1</Keyword2><ExtraDisplayInformation></ExtraDisplayInformation></ResultSearchCriteria><ResultSearchCriteria><Name>VariableValue</Name><Keyword1>Isocratic elution length</Keyword1><Keyword2>1.50</Keyword2><ExtraDisplayInformation>{base}</ExtraDisplayInformation></ResultSearchCriteria><ResultSearchCriteria><Name>VariableValue</Name><Keyword1>Percent B (Elution)</Keyword1><Keyword2>0.0</Keyword2><ExtraDisplayInformation>%B</ExtraDisplayInformation></ResultSearchCriteria><ResultSearchCriteria><Name>VariableValue</Name><Keyword1>Percent B (Equilibration)</Keyword1><Keyword2>0.0</Keyword2><ExtraDisplayInformation>%B</ExtraDisplayInformation></ResultSearchCriteria><ResultSearchCriteria><Name>VariableValue</Name><Keyword1>Percent B (Sample Appl)</Keyword1><Keyword2>0.0</Keyword2><ExtraDisplayInformation>%B</ExtraDisplayInformation></ResultSearchCriteria><ResultSearchCriteria><Name>VariableValue</Name><Keyword1>pH cell</Keyword1><Keyword2>In-line</Keyword2></ResultSearchCriteria><ResultSearchCriteria><Name>VariableValue</Name><Keyword1>Pre column pressure limit</Keyword1><Keyword2>5.00</Keyword2><ExtraDisplayInformation>MPa</ExtraDisplayInformation></ResultSearchCriteria><ResultSearchCriteria><Name>VariableValue</Name><Keyword1>Pressure control</Keyword1><Keyword2>Delta column pressure</Keyword2><ExtraDisplayInformation></ExtraDisplayInformation></ResultSearchCriteria><ResultSearchCriteria><Name>VariableValue</Name><Keyword1>Sample_ID</Keyword1><Keyword2></Keyword2></ResultSearchCriteria><ResultSearchCriteria><Name>VariableValue</Name><Keyword1>UV averaging time</Keyword1><Keyword2>5.0</Keyword2><ExtraDisplayInformation>sec</ExtraDisplayInformation></ResultSearchCriteria></ResultSearchCriterias><Chromatograms><Chromatogram><ChromatogramFileName>Chrom.1</ChromatogramFileName><ChromatogramName>Chrom.1</ChromatogramName></Chromatogram></Chromatograms><IsArchivingAllowed>true</IsArchivingAllowed><IsLegacy>false</IsLegacy><CreatedBy>Default</CreatedBy><Created>2025-10-10T10:10:03.405</Created><CreatedUtcOffsetMinutes>-240</CreatedUtcOffsetMinutes><LastModifiedBy>System</LastModifiedBy><LastModified>2025-10-10T11:57:26.689</LastModified><LastModifiedUtcOffsetMinutes>-240</LastModifiedUtcOffsetMinutes><ResultAuxiliary /></Result>