<AuditTrails xmlns:xsi="http://www.w3.org/2001/XMLSchema-instance" FormatVersion="2" UNICORNVersion="7.1.0.378"><AuditTrail><AuditTrailType>Evaluation</AuditTrailType><Created>2025-03-12T15:25:55.851</Created><CreatedBy>System</CreatedBy><CreatedUtcOffsetMinutes>-240</CreatedUtcOffsetMinutes><AuditTrailEntries><AuditTrailEntry><LogTime>2025-03-12T15:25:55.851</LogTime><LogTimeUtcOffsetMinutes>-240</LogTimeUtcOffsetMinutes><AuditTrailEntryType>Evaluation</AuditTrailEntryType><GroupName>EvaluationLoggingStarted</GroupName><Operator>System</Operator><LogEntry>Logging started. User: System. UNICORN 7.1.0.378.</LogEntry><HasDetails>false</HasDetails></AuditTrailEntry></AuditTrailEntries></AuditTrail></AuditTrails>